pole_id,lat,lon,ai_confidence,tile_path,pixel_x,pixel_y,bbox,source,ndvi,source_date,confidence,road_distance_m,surface_elev_m,in_water,filter_reasons,geometry,distance_m,matched,nearest_pole_id
AI_DET_pa_m_4007641_se_18_060_20220510_1,40.2948572658796,-76.8738051460613,0.1092926040291786,/workspace/data/imagery/naip_tiles/pa_m_4007641_se_18_060_20220510.tif,9536.569702148438,3791.86083984375,"[9523.262908935547, 3773.527053833008, 9549.87646484375, 3810.194610595703]",ai_detection,0.0459770114942528,2025-10-21,0.1092926040291786,,,False,[],POINT (-76.8738051460613 40.2948572658796),1223.7438070695105,False,OSM-11427472027
AI_DET_pa_m_4007641_se_18_060_20220510_2,40.29480473809777,-76.87384025174443,0.0894725471735,/workspace/data/imagery/naip_tiles/pa_m_4007641_se_18_060_20220510.tif,9531.390838623049,3801.473754882813,"[9518.00668334961, 3782.4712982177734, 9544.774993896484, 3820.4762115478516]",ai_detection,0.0529411764705882,2025-10-21,0.0894725471735,,,False,[],POINT (-76.87384025174443 40.29480473809777),1219.7760137361745,False,OSM-11427472027
AI_DET_pa_m_4007642_sw_18_060_20220704_3,40.30224534358196,-76.8755653391338,0.083922304213047,/workspace/data/imagery/naip_tiles/pa_m_4007642_sw_18_060_20220704.tif,456.1616516113281,2229.716690063477,"[441.16668701171875, 2210.4432983398438, 471.1566162109375, 2248.9900817871094]",ai_detection,0.4506437768240343,2025-10-21,0.083922304213047,,,False,[],POINT (-76.8755653391338 40.30224534358196),766.1594435001153,False,OSM-8649234839
AI_DET_pa_m_4007642_sw_18_060_20220704_4,40.29652082889859,-76.82501552398206,0.1321604698896408,/workspace/data/imagery/naip_tiles/pa_m_4007642_sw_18_060_20220704.tif,7594.673370361328,3438.421142578125,"[7577.157958984375, 3417.2496032714844, 7612.188781738281, 3459.5926513671875]",ai_detection,0.2732919254658385,2025-10-21,0.1321604698896408,,,False,[],POINT (-76.82501552398206 40.29652082889859),1888.0577987068116,False,OSM-11427622437
AI_DET_pa_m_4007642_sw_18_060_20220704_5,40.2965269907056,-76.82509659047263,0.1074210181832313,/workspace/data/imagery/naip_tiles/pa_m_4007642_sw_18_060_20220704.tif,7583.212921142578,3437.0444946289062,"[7566.208679199219, 3415.7093505859375, 7600.2171630859375, 3458.379638671875]",ai_detection,0.2123287671232876,2025-10-21,0.1074210181832313,,,False,[],POINT (-76.82509659047263 40.2965269907056),1887.758817971819,False,OSM-11427622437
AI_DET_pa_m_4007642_sw_18_060_20220704_6,40.29190078612959,-76.87184590940163,0.1177541092038154,/workspace/data/imagery/naip_tiles/pa_m_4007642_sw_18_060_20220704.tif,942.5642700195312,4154.706970214844,"[926.2653198242188, 4134.448554992676, 958.8632202148438, 4174.965385437012]",ai_detection,-0.0523076923076923,2025-10-21,0.1177541092038154,,,False,[],POINT (-76.87184590940163 40.29190078612959),1353.0037956778235,False,OSM-11427472022
AI_DET_pa_m_4007642_sw_18_060_20220704_7,40.26553319818084,-76.81629267463094,0.1202297434210777,/workspace/data/imagery/naip_tiles/pa_m_4007642_sw_18_060_20220704.tif,8712.819420814514,9196.78839111328,"[8704.115396976471, 9175.965576171875, 8721.523445129395, 9217.611206054688]",ai_detection,0.4316546762589928,2025-10-21,0.1202297434210777,,,False,[],POINT (-76.81629267463094 40.26553319818084),171.91754032423157,False,OSM-11427622237
AI_DET_pa_m_4007642_sw_18_060_20220704_8,40.26561273007952,-76.81629478867751,0.1006766110658645,/workspace/data/imagery/naip_tiles/pa_m_4007642_sw_18_060_20220704.tif,8712.821382522583,9182.068237304688,"[8704.138663053513, 9161.672393798828, 8721.50410270691, 9202.464080810547]",ai_detection,0.144578313253012,2025-10-21,0.1006766110658645,,,False,[],POINT (-76.81629478867751 40.26561273007952),163.10183301049116,False,OSM-11427622237
AI_DET_pa_m_4007642_sw_18_060_20220704_9,40.26578604644071,-76.81303844565137,0.0834756046533584,/workspace/data/imagery/naip_tiles/pa_m_4007642_sw_18_060_20220704.tif,9174.983428955078,9159.453857421877,"[9162.332824707031, 9142.176025390625, 9187.634033203125, 9176.731689453125]",ai_detection,0.3669064748201439,2025-10-21,0.0834756046533584,,,False,[],POINT (-76.81303844565137 40.26578604644071),148.06317802298057,False,OSM-11427622245
AI_DET_pa_m_4007642_sw_18_060_20220704_10,40.26544681220943,-76.8162915235409,0.0812947526574134,/workspace/data/imagery/naip_tiles/pa_m_4007642_sw_18_060_20220704.tif,8712.6549949646,9212.773803710938,"[8704.030236244202, 9191.839721679688, 8721.279754638672, 9233.707885742188]",ai_detection,0.4957264957264957,2025-10-21,0.0812947526574134,,,False,[],POINT (-76.8162915235409 40.26544681220943),181.48736802526275,False,OSM-11427622237
AI_DET_pa_m_4007649_ne_18_060_20220510_11,40.23242592956711,-76.93607490128713,0.0859189853072166,/workspace/data/imagery/naip_tiles/pa_m_4007649_ne_18_060_20220510.tif,722.7558441162109,3592.51808643341,"[705.5676879882812, 3584.0, 739.9440002441406, 3601.0361728668213]",ai_detection,0.0290456431535269,2025-10-21,0.0859189853072166,,,False,[],POINT (-76.93607490128713 40.23242592956711),784.6792479370295,False,OSM-8789675094
AI_DET_pa_m_4007649_ne_18_060_20220510_12,40.213118264589866,-76.92301545720164,0.0871079713106155,/workspace/data/imagery/naip_tiles/pa_m_4007649_ne_18_060_20220510.tif,2497.0851135253906,7204.891647338867,"[2479.456329345703, 7183.525207519531, 2514.713897705078, 7226.258087158203]",ai_detection,0.5372549019607843,2025-10-21,0.0871079713106155,,,False,[],POINT (-76.92301545720164 40.213118264589866),904.7757755935295,False,OSM-5480108335
AI_DET_pa_m_4007649_ne_18_060_20220510_13,40.20302393991573,-76.91569341799939,0.2229490280151367,/workspace/data/imagery/naip_tiles/pa_m_4007649_ne_18_060_20220510.tif,3495.291076660156,9094.890258789062,"[3478.485137939453, 9072.9716796875, 3512.0969848632812, 9116.808807373047]",ai_detection,-0.0769230769230769,2025-10-21,0.2229490280151367,,,False,[],POINT (-76.91569341799939 40.20302393991573),370.5734318513386,False,OSM-5480108344
AI_DET_pa_m_4007649_ne_18_060_20220510_14,40.18579861728059,-76.93947459244502,0.1210362464189529,/workspace/data/imagery/naip_tiles/pa_m_4007649_ne_18_060_20220510.tif,52.10639953613281,12208.421417236328,"[36.551937103271484, 12188.129455566406, 67.6608657836914, 12228.71337890625]",ai_detection,0.2911392405063291,2025-10-21,0.1210362464189529,,,False,[],POINT (-76.93947459244502 40.18579861728059),1596.8998447981867,False,OSM-5480108141
AI_DET_pa_m_4007649_ne_18_060_20220510_15,40.185761550585205,-76.93957218619164,0.0854127556085586,/workspace/data/imagery/naip_tiles/pa_m_4007649_ne_18_060_20220510.tif,38.108619689941406,12214.976440429688,"[23.150062561035156, 12194.403076171875, 53.067176818847656, 12235.5498046875]",ai_detection,0.2870662460567823,2025-10-21,0.0854127556085586,,,False,[],POINT (-76.93957218619164 40.185761550585205),1600.14634140945,False,OSM-5480108141
AI_DET_pa_m_4007650_ne_18_060_20220704_16,40.24756736588522,-76.75469075155466,0.1196613758802414,/workspace/data/imagery/naip_tiles/pa_m_4007650_ne_18_060_20220704.tif,8757.554809570312,946.4850463867188,"[8743.252258300781, 926.424072265625, 8771.857421875, 966.5460510253906]",ai_detection,0.3076923076923077,2025-10-21,0.1196613758802414,,,False,[],POINT (-76.75469075155466 40.24756736588522),1456.808942098741,False,OSM-1916074457
AI_DET_pa_m_4007650_ne_18_060_20220704_17,40.24757287869302,-76.75477369013393,0.1010201349854469,/workspace/data/imagery/naip_tiles/pa_m_4007650_ne_18_060_20220704.tif,8745.817443847656,945.232421875,"[8731.741149902344, 925.5807800292969, 8759.893737792969, 964.8840637207031]",ai_detection,0.30625,2025-10-21,0.1010201349854469,,,False,[],POINT (-76.75477369013393 40.24757287869302),1451.331724096251,False,OSM-1916074457
AI_DET_pa_m_4007650_ne_18_060_20220704_18,40.24521295628774,-76.75446468251367,0.0948916748166084,/workspace/data/imagery/naip_tiles/pa_m_4007650_ne_18_060_20220704.tif,8780.982788085938,1382.699462890625,"[8763.115539550781, 1359.9217529296875, 8798.850036621094, 1405.4771728515625]",ai_detection,0.4193548387096774,2025-10-21,0.0948916748166084,,,False,[],POINT (-76.75446468251367 40.24521295628774),1344.663401592282,False,OSM-1916074457
AI_DET_pa_m_4007650_ne_18_060_20220704_19,40.239795309108274,-76.7843069059057,0.1544103771448135,/workspace/data/imagery/naip_tiles/pa_m_4007650_ne_18_060_20220704.tif,4530.160614013672,2300.564971923828,"[4515.865417480469, 2281.0450134277344, 4544.455810546875, 2320.084930419922]",ai_detection,0.204225352112676,2025-10-21,0.1544103771448135,,,False,[],POINT (-76.7843069059057 40.239795309108274),82.953584535484,False,OSM-4054926012
AI_DET_pa_m_4007650_ne_18_060_20220704_20,40.23339635775009,-76.78587935576647,0.0821486786007881,/workspace/data/imagery/naip_tiles/pa_m_4007650_ne_18_060_20220704.tif,4283.377487182617,3479.923126220703,"[4270.145843505859, 3462.1090087890625, 4296.609130859375, 3497.7372436523438]",ai_detection,0.3029315960912052,2025-10-21,0.0821486786007881,,,False,[],POINT (-76.78587935576647 40.23339635775009),157.13309320636637,False,OSM-9691031370
AI_DET_pa_m_4007650_ne_18_060_20220704_21,40.230428876084126,-76.78907898843897,0.0857411623001098,/workspace/data/imagery/naip_tiles/pa_m_4007650_ne_18_060_20220704.tif,3818.618713378906,4019.7808837890634,"[3805.7195434570312, 4002.155975341797, 3831.5178833007812, 4037.40576171875]",ai_detection,0.3431085043988269,2025-10-21,0.0857411623001098,,,False,[],POINT (-76.78907898843897 40.230428876084126),128.3924601036703,False,OSM-9691031364
AI_DET_pa_m_4007650_ne_18_060_20220704_22,40.21913678428866,-76.78924511308118,0.0876961275935173,/workspace/data/imagery/naip_tiles/pa_m_4007650_ne_18_060_20220704.tif,3752.9181213378906,6108.410980224609,"[3736.229217529297, 6088.591766357422, 3769.6070098876953, 6128.230194091797]",ai_detection,0.3093093093093093,2025-10-21,0.0876961275935173,,,False,[],POINT (-76.78924511308118 40.21913678428866),1123.6684429963443,False,OSM-9691031362
AI_DET_pa_m_4007650_ne_18_060_20220704_23,40.21049783395191,-76.75122937429833,0.0803025439381599,/workspace/data/imagery/naip_tiles/pa_m_4007650_ne_18_060_20220704.tif,9112.825958251951,7814.256469726562,"[9098.217956542969, 7794.472236633301, 9127.433959960938, 7834.04069519043]",ai_detection,-0.05,2025-10-21,0.0803025439381599,,,False,[],POINT (-76.75122937429833 40.21049783395191),1967.0866304960412,False,OSM-11424003837
AI_DET_pa_m_4007650_ne_18_060_20220704_24,40.20361678659028,-76.74845182135513,0.091283805668354,/workspace/data/imagery/naip_tiles/pa_m_4007650_ne_18_060_20220704.tif,9481.706451416016,9095.05386352539,"[9463.233108520508, 9070.828552246094, 9500.179809570312, 9119.279174804688]",ai_detection,0.3375796178343949,2025-10-21,0.091283805668354,,,False,[],POINT (-76.74845182135513 40.20361678659028),1832.5669415487891,False,OSM-11424003837
AI_DET_pa_m_4007650_ne_18_060_20220704_25,40.1944936637956,-76.75483579111952,0.0812910497188568,/workspace/data/imagery/naip_tiles/pa_m_4007650_ne_18_060_20220704.tif,8542.739379882812,10764.997846603394,"[8521.385314941406, 10752.0, 8564.093444824219, 10777.995693206787]",ai_detection,-0.0045454545454545,2025-10-21,0.0812910497188568,,,False,[],POINT (-76.75483579111952 40.1944936637956),1345.9298982753112,False,OSM-11424003837
AI_DET_pa_m_4007650_ne_18_060_20220704_26,40.18954070942597,-76.74804915132269,0.1142240911722183,/workspace/data/imagery/naip_tiles/pa_m_4007650_ne_18_060_20220704.tif,9487.532592773438,11700.317504882812,"[9470.008697509766, 11676.980926513672, 9505.056457519531, 11723.654113769531]",ai_detection,0.2093023255813953,2025-10-21,0.1142240911722183,,,False,[],POINT (-76.74804915132269 40.18954070942597),2114.558703498874,False,OSM-11424003837
AI_DET_pa_m_4007650_ne_18_060_20220704_27,40.18960291331682,-76.74803065245442,0.0841988772153854,/workspace/data/imagery/naip_tiles/pa_m_4007650_ne_18_060_20220704.tif,9490.383911132812,11688.861206054688,"[9472.986511230469, 11665.331481933594, 9507.781341552734, 11712.39096069336]",ai_detection,0.217391304347826,2025-10-21,0.0841988772153854,,,False,[],POINT (-76.74803065245442 40.18960291331682),2112.3285136164172,False,OSM-11424003837
AI_DET_pa_m_4007650_ne_18_060_20220704_28,40.18734253877767,-76.76562769994136,0.1096304357051849,/workspace/data/imagery/naip_tiles/pa_m_4007650_ne_18_060_20220704.tif,6985.340240478516,12057.622436523438,"[6963.5369873046875, 12027.896545410156, 7007.143493652344, 12087.34829711914]",ai_detection,-0.6571428571428571,2025-10-21,0.1096304357051849,,,False,['ndvi_out_of_range'],POINT (-76.76562769994136 40.18734253877767),1377.5317840594066,False,OSM-11424003837
AI_DET_pa_m_4007650_nw_18_060_20220704_29,40.226804266203565,-76.81151855915904,0.0944500863552093,/workspace/data/imagery/naip_tiles/pa_m_4007650_nw_18_060_20220704.tif,9493.022705078123,4815.763336181641,"[9476.129821777344, 4793.098342895508, 9509.915588378906, 4838.428314208984]",ai_detection,0.2529411764705882,2025-10-21,0.0944500863552093,,,False,[],POINT (-76.81151855915904 40.226804266203565),278.27676666970376,False,OSM-1916074361
AI_DET_pa_m_4007650_nw_18_060_20220704_30,40.22688108839553,-76.81152339927345,0.0868516117334365,/workspace/data/imagery/naip_tiles/pa_m_4007650_nw_18_060_20220704.tif,9492.62664794922,4801.536712646484,"[9475.725372314453, 4779.562347412109, 9509.527893066406, 4823.511093139648]",ai_detection,0.2628398791540785,2025-10-21,0.0868516117334365,,,False,[],POINT (-76.81152339927345 40.22688108839553),269.7574070330723,False,OSM-1916074361
AI_DET_pa_m_4007650_nw_18_060_20220704_31,40.220275760560966,-76.85164712600803,0.1403767466545105,/workspace/data/imagery/naip_tiles/pa_m_4007650_nw_18_060_20220704.tif,3777.314331054688,5906.063415527344,"[3762.5015563964844, 5887.25439453125, 3792.1271057128906, 5924.8724365234375]",ai_detection,-0.0629370629370629,2025-10-21,0.1403767466545105,,,False,[],POINT (-76.85164712600803 40.220275760560966),600.7160583612796,False,OSM-11535030091
AI_DET_pa_m_4007650_nw_18_060_20220704_32,40.220329977202034,-76.85166220601607,0.1042947769165039,/workspace/data/imagery/naip_tiles/pa_m_4007650_nw_18_060_20220704.tif,3775.385070800781,5895.988311767578,"[3760.4096069335938, 5876.967956542969, 3790.360549926758, 5915.0086669921875]",ai_detection,-0.0901639344262295,2025-10-21,0.1042947769165039,,,False,[],POINT (-76.85166220601607 40.220329977202034),599.5178875651437,False,OSM-11535030091
AI_DET_pa_m_4007650_nw_18_060_20220704_33,40.22018957648088,-76.85163265917954,0.0853843465447425,/workspace/data/imagery/naip_tiles/pa_m_4007650_nw_18_060_20220704.tif,3779.033172607422,5922.0509033203125,"[3764.4894409179688, 5903.063903808594, 3793.576889038086, 5941.037933349609]",ai_detection,-0.0871369294605809,2025-10-21,0.0853843465447425,,,False,[],POINT (-76.85163265917954 40.22018957648088),603.4816072525543,False,OSM-11535030091
AI_DET_pa_m_4007650_nw_18_060_20220704_34,40.21764952471568,-76.85703723560196,0.1398417800664901,/workspace/data/imagery/naip_tiles/pa_m_4007650_nw_18_060_20220704.tif,3002.714385986328,6375.954498291016,"[2984.287872314453, 6353.949920654297, 3021.140899658203, 6397.959075927734]",ai_detection,-0.0470219435736677,2025-10-21,0.1398417800664901,,,False,[],POINT (-76.85703723560196 40.21764952471568),649.1662568954698,False,OSM-11535008545
AI_DET_pa_m_4007650_nw_18_060_20220704_35,40.217689755031614,-76.85709050010884,0.1192819476127624,/workspace/data/imagery/naip_tiles/pa_m_4007650_nw_18_060_20220704.tif,2995.31591796875,6368.353454589844,"[2976.7005615234375, 6345.415100097656, 3013.9313049316406, 6391.291793823242]",ai_detection,-0.045045045045045,2025-10-21,0.1192819476127624,,,False,[],POINT (-76.85709050010884 40.217689755031614),644.0217561986498,False,OSM-11535008545
AI_DET_pa_m_4007650_nw_18_060_20220704_36,40.21848205676294,-76.81124271278506,0.081513725221157,/workspace/data/imagery/naip_tiles/pa_m_4007650_nw_18_060_20220704.tif,9500.698486328123,6356.223983764648,"[9483.65121459961, 6333.978057861328, 9517.74575805664, 6378.469909667969]",ai_detection,0.2132701421800948,2025-10-21,0.081513725221157,,,False,[],POINT (-76.81124271278506 40.21848205676294),388.7866076745253,False,OSM-11555814989
AI_DET_pa_m_4007650_nw_18_060_20220704_37,40.21609392671604,-76.85337255210828,0.0904629901051521,/workspace/data/imagery/naip_tiles/pa_m_4007650_nw_18_060_20220704.tif,3516.448547363281,6674.6211795806885,"[3497.621795654297, 6656.0, 3535.2752990722656, 6693.242359161377]",ai_detection,0.2121212121212121,2025-10-21,0.0904629901051521,,,False,[],POINT (-76.85337255210828 40.21609392671604),988.4644257138015,False,OSM-11535008544
AI_DET_pa_m_4007650_nw_18_060_20220704_38,40.2056202547732,-76.81091275039262,0.3051682710647583,/workspace/data/imagery/naip_tiles/pa_m_4007650_nw_18_060_20220704.tif,9498.92315673828,8736.690673828125,"[9481.088073730469, 8712.718466758728, 9516.758239746094, 8760.662883758545]",ai_detection,-0.8072289156626506,2025-10-21,0.3051682710647583,,,False,['ndvi_out_of_range'],POINT (-76.81091275039262 40.2056202547732),313.07162280717915,False,OSM-11429422122
AI_DET_pa_m_4007650_nw_18_060_20220704_39,40.20259410303191,-76.81085261842297,0.2208040654659271,/workspace/data/imagery/naip_tiles/pa_m_4007650_nw_18_060_20220704.tif,9496.027099609377,9296.720458984377,"[9480.070404052734, 9274.336791992188, 9511.983764648438, 9319.104064941406]",ai_detection,-0.8372093023255814,2025-10-21,0.2208040654659271,,,False,['ndvi_out_of_range'],POINT (-76.81085261842297 40.20259410303191),327.18260107805105,False,OSM-11429422123
AI_DET_pa_m_4007650_nw_18_060_20220704_40,40.20202394240588,-76.81079636971197,0.0865418910980224,/workspace/data/imagery/naip_tiles/pa_m_4007650_nw_18_060_20220704.tif,9501.853759765623,9402.366302490234,"[9486.185424804688, 9381.357879638672, 9517.522064208984, 9423.374710083008]",ai_detection,-0.9402985074626866,2025-10-21,0.0865418910980224,,,False,['ndvi_out_of_range'],POINT (-76.81079636971197 40.20202394240588),344.3519375734652,False,OSM-11429422123
AI_DET_pa_m_4007650_nw_18_060_20220704_41,40.18769490321205,-76.81044433202513,0.4257348477840423,/workspace/data/imagery/naip_tiles/pa_m_4007650_nw_18_060_20220704.tif,9497.713745117188,12054.337097167969,"[9479.817199707031, 12030.462203979492, 9515.610290527344, 12078.211975097656]",ai_detection,0.4748201438848921,2025-10-21,0.4257348477840423,,,False,[],POINT (-76.81044433202513 40.18769490321205),460.38368059594706,False,OSM-11429460396
AI_DET_pa_m_4007650_se_18_060_20220704_42,40.17967131526362,-76.7494176931394,0.4368845522403717,/workspace/data/imagery/naip_tiles/pa_m_4007650_se_18_060_20220704.tif,9497.375549316406,1962.3714599609373,"[9479.907318115234, 1939.1243896484375, 9514.84375, 1985.6185302734375]",ai_detection,-0.6382978723404256,2025-10-21,0.4368845522403717,,,False,['ndvi_out_of_range'],POINT (-76.7494176931394 40.17967131526362),2769.6940154872213,False,OSM-11424003837
AI_DET_pa_m_4007650_se_18_060_20220704_43,40.17795395231825,-76.78900853888483,0.230773463845253,/workspace/data/imagery/naip_tiles/pa_m_4007650_se_18_060_20220704.tif,3872.871032714844,2168.12947845459,"[3853.1524353027344, 2141.782669067383, 3892.589599609375, 2194.476287841797]",ai_detection,0.2057971014492753,2025-10-21,0.230773463845253,,,False,[],POINT (-76.78900853888483 40.17795395231825),2473.2726222784154,False,OSM-11429422129
AI_DET_pa_m_4007650_se_18_060_20220704_44,40.17791036900157,-76.78892095251953,0.1711773872375488,/workspace/data/imagery/naip_tiles/pa_m_4007650_se_18_060_20220704.tif,3885.137756347656,2176.4430541992188,"[3866.628662109375, 2151.4847106933594, 3903.6468200683594, 2201.401397705078]",ai_detection,0.2244897959183673,2025-10-21,0.1711773872375488,,,False,[],POINT (-76.78892095251953 40.17791036900157),2482.000141213005,False,OSM-11429422129
AI_DET_pa_m_4007650_se_18_060_20220704_45,40.1686449611309,-76.78651265523781,0.082869753241539,/workspace/data/imagery/naip_tiles/pa_m_4007650_se_18_060_20220704.tif,4192.40380859375,3897.467193603516,"[4172.839172363281, 3872.9275512695312, 4211.9683837890625, 3922.0068359375]",ai_detection,0.2134146341463414,2025-10-21,0.082869753241539,,,False,[],POINT (-76.78651265523781 40.1686449611309),3180.631098732524,False,OSM-11429422129
AI_DET_pa_m_4007650_se_18_060_20220704_46,40.16764348735345,-76.77207519510605,0.1097058653831482,/workspace/data/imagery/naip_tiles/pa_m_4007650_se_18_060_20220704.tif,6237.774505615234,4123.802978515625,"[6224.387802124023, 4105.230712890625, 6251.16121673584, 4142.375305175781]",ai_detection,0.2817337461300309,2025-10-21,0.1097058653831482,,,False,[],POINT (-76.77207519510605 40.16764348735345),3537.2194571678338,False,OSM-11424003837
AI_DET_pa_m_4007650_se_18_060_20220704_47,40.16805454778745,-76.7568096850132,0.1061585396528244,/workspace/data/imagery/naip_tiles/pa_m_4007650_se_18_060_20220704.tif,8405.89892578125,4090.806213378906,"[8391.806884765625, 4072.8836975097656, 8419.990966796875, 4108.728759765625]",ai_detection,0.16,2025-10-21,0.1061585396528244,,,False,[],POINT (-76.7568096850132 40.16805454778745),3641.6383220095518,False,OSM-11424003837
AI_DET_pa_m_4007650_se_18_060_20220704_48,40.16801977971197,-76.75675063932947,0.1041979193687439,/workspace/data/imagery/naip_tiles/pa_m_4007650_se_18_060_20220704.tif,8414.151916503906,4097.404235839844,"[8400.099746704102, 4078.626708984375, 8428.204071044922, 4116.1817626953125]",ai_detection,-0.0213903743315508,2025-10-21,0.1041979193687439,,,False,[],POINT (-76.75675063932947 40.16801977971197),3646.7982124958867,False,OSM-11424003837
AI_DET_pa_m_4007650_se_18_060_20220704_49,40.16684016295753,-76.77190505557233,0.1012634187936782,/workspace/data/imagery/naip_tiles/pa_m_4007650_se_18_060_20220704.tif,6258.956733703613,4272.90315246582,"[6243.945068359375, 4253.953414916992, 6273.968399047852, 4291.852890014648]",ai_detection,0.0095238095238095,2025-10-21,0.1012634187936782,,,False,[],POINT (-76.77190505557233 40.16684016295753),3625.2860286282607,False,OSM-11424003837
AI_DET_pa_m_4007650_se_18_060_20220704_50,40.16677654142962,-76.7718945739863,0.0984650254249572,/workspace/data/imagery/naip_tiles/pa_m_4007650_se_18_060_20220704.tif,6260.209533691406,4284.703079223633,"[6245.337997436523, 4265.922302246094, 6275.081069946289, 4303.483856201172]",ai_detection,0.0488599348534201,2025-10-21,0.0984650254249572,,,False,[],POINT (-76.7718945739863 40.16677654142962),3632.2811654788693,False,OSM-11424003837
AI_DET_pa_m_4007650_se_18_060_20220704_51,40.15349711276717,-76.76007731693004,0.0950086712837219,/workspace/data/imagery/naip_tiles/pa_m_4007650_se_18_060_20220704.tif,7888.7562255859375,6774.8017578125,"[7871.37890625, 6765.603515625, 7906.133544921875, 6784.0]",ai_detection,0.3674418604651163,2025-10-21,0.0950086712837219,,,False,[],POINT (-76.76007731693004 40.15349711276717),5159.548771134297,False,OSM-11424003837
AI_DET_pa_m_4007650_se_18_060_20220704_52,40.15349394751585,-76.76019791480587,0.0892977267503738,/workspace/data/imagery/naip_tiles/pa_m_4007650_se_18_060_20220704.tif,7871.624725341797,6775.048095703125,"[7854.346618652344, 6766.096252441406, 7888.902816772461, 6784.0]",ai_detection,0.3034482758620689,2025-10-21,0.0892977267503738,,,False,[],POINT (-76.76019791480587 40.15349394751585),5158.347199343453,False,OSM-11424003837
AI_DET_pa_m_4007650_se_18_060_20220704_53,40.15282449173409,-76.74874786877105,0.1709117591381073,/workspace/data/imagery/naip_tiles/pa_m_4007650_se_18_060_20220704.tif,9494.617248535156,6931.005126953125,"[9477.6005859375, 6907.965301513672, 9511.633911132812, 6954.044921875]",ai_detection,-0.1528384279475982,2025-10-21,0.1709117591381073,,,False,[],POINT (-76.74874786877105 40.15282449173409),5461.729105701643,False,OSM-11424003837
AI_DET_pa_m_4007650_se_18_060_20220704_54,40.1528969535442,-76.74872720811747,0.1239387691020965,/workspace/data/imagery/naip_tiles/pa_m_4007650_se_18_060_20220704.tif,9497.81414794922,6917.657196044922,"[9479.958404541016, 6894.867324829102, 9515.669860839844, 6940.447082519531]",ai_detection,-0.137546468401487,2025-10-21,0.1239387691020965,,,False,[],POINT (-76.74872720811747 40.1528969535442),5454.671812956921,False,OSM-11424003837
AI_DET_pa_m_4007650_se_18_060_20220704_55,40.1451027240318,-76.74854997184114,0.1531251221895218,/workspace/data/imagery/naip_tiles/pa_m_4007650_se_18_060_20220704.tif,9494.591857910156,8360.109664916992,"[9478.50210571289, 8337.933563232422, 9510.681579589844, 8382.285766601562]",ai_detection,0.325,2025-10-21,0.1531251221895218,,,False,[],POINT (-76.74854997184114 40.1451027240318),6284.668934396956,False,OSM-11424003837
AI_DET_pa_m_4007650_se_18_060_20220704_56,40.145061107697806,-76.74849961587549,0.1074313521385192,/workspace/data/imagery/naip_tiles/pa_m_4007650_se_18_060_20220704.tif,9501.589660644531,8367.949523925781,"[9485.198272705078, 8346.035598754883, 9517.981018066406, 8389.86343383789]",ai_detection,0.2835820895522388,2025-10-21,0.1074313521385192,,,False,[],POINT (-76.74849961587549 40.145061107697806),6290.308597740986,False,OSM-11424003837
AI_DET_pa_m_4007650_se_18_060_20220704_57,40.13351186988814,-76.77225799828781,0.086588904261589,/workspace/data/imagery/naip_tiles/pa_m_4007650_se_18_060_20220704.tif,6085.848419189453,10437.757827758787,"[6070.513336181641, 10418.679077148438, 6101.183502197266, 10456.83657836914]",ai_detection,0.1029023746701846,2025-10-21,0.086588904261589,,,False,[],POINT (-76.77225799828781 40.13351186988814),6940.451779114848,False,OSM-11429422129
AI_DET_pa_m_4007650_se_18_060_20220704_58,40.12615311403358,-76.76299755075117,0.1276494413614273,/workspace/data/imagery/naip_tiles/pa_m_4007650_se_18_060_20220704.tif,7373.826751708984,11825.30633544922,"[7357.301528930664, 11804.721984863281, 7390.351989746094, 11845.890686035156]",ai_detection,-0.0647058823529411,2025-10-21,0.1276494413614273,,,False,[],POINT (-76.76299755075117 40.12615311403358),8056.415290173529,False,OSM-11429422129
AI_DET_pa_m_4007650_se_18_060_20220704_59,40.12609733408643,-76.76297100494037,0.1245198473334312,/workspace/data/imagery/naip_tiles/pa_m_4007650_se_18_060_20220704.tif,7377.391967773437,11835.700561523438,"[7359.983871459961, 11814.610595703125, 7394.800079345703, 11856.790588378906]",ai_detection,0.0028985507246376,2025-10-21,0.1245198473334312,,,False,[],POINT (-76.76297100494037 40.12609733408643),8062.813801502087,False,OSM-11429422129
AI_DET_pa_m_4007650_se_18_060_20220704_60,40.12603277353027,-76.7629476386948,0.0929161235690116,/workspace/data/imagery/naip_tiles/pa_m_4007650_se_18_060_20220704.tif,7380.473419189453,11847.71026611328,"[7362.860916137695, 11825.917602539062, 7398.085906982422, 11869.5029296875]",ai_detection,0.2111801242236025,2025-10-21,0.0929161235690116,,,False,[],POINT (-76.7629476386948 40.12603277353027),8069.869193666625,False,OSM-11429422129
AI_DET_pa_m_4007650_se_18_060_20220704_61,40.125991806598975,-76.76287776881935,0.0820477083325386,/workspace/data/imagery/naip_tiles/pa_m_4007650_se_18_060_20220704.tif,7390.245712280273,11855.486083984377,"[7372.514236450195, 11833.736206054688, 7407.977188110352, 11877.236022949219]",ai_detection,0.05,2025-10-21,0.0820477083325386,,,False,[],POINT (-76.76287776881935 40.125991806598975),8076.970279707334,False,OSM-11429422129
AI_DET_pa_m_4007651_nw_18_060_20220704_62,40.24455353786227,-76.73546291602372,0.1067405045032501,/workspace/data/imagery/naip_tiles/pa_m_4007651_nw_18_060_20220704.tif,2602.4176025390625,1387.7158203125,"[2586.2017822265625, 1366.2065734863281, 2618.6334228515625, 1409.2250671386719]",ai_detection,0.0927152317880794,2025-10-21,0.1067405045032501,,,False,[],POINT (-76.73546291602372 40.24455353786227),2880.727851947137,False,OSM-1916074457
AI_DET_pa_m_4007651_nw_18_060_20220704_63,40.24453819001925,-76.73539126561441,0.1051081344485282,/workspace/data/imagery/naip_tiles/pa_m_4007651_nw_18_060_20220704.tif,2612.519775390625,1390.7540893554688,"[2595.4523315429688, 1368.7470092773438, 2629.5872802734375, 1412.7611389160156]",ai_detection,0.1272727272727272,2025-10-21,0.1051081344485282,,,False,[],POINT (-76.73539126561441 40.24453819001925),2886.4502316824887,False,OSM-1916074457
AI_DET_pa_m_4007651_nw_18_060_20220704_64,40.24546940485648,-76.7315683177411,0.1044460088014602,/workspace/data/imagery/naip_tiles/pa_m_4007651_nw_18_060_20220704.tif,3157.8571243286133,1229.070831298828,"[3140.9076919555664, 1207.7604522705078, 3174.80655670166, 1250.3812255859375]",ai_detection,-0.0733137829912023,2025-10-21,0.1044460088014602,,,False,[],POINT (-76.7315683177411 40.24546940485648),3224.7742437096945,False,OSM-1916074457
AI_DET_pa_m_4007651_nw_18_060_20220704_65,40.24532867575229,-76.73138037883454,0.103314109146595,/workspace/data/imagery/naip_tiles/pa_m_4007651_nw_18_060_20220704.tif,3183.992073059082,1255.6268615722656,"[3167.799270629883, 1235.521987915039, 3200.1848754882812, 1275.7317199707031]",ai_detection,-0.0751445086705202,2025-10-21,0.103314109146595,,,False,[],POINT (-76.73138037883454 40.24532867575229),3237.701409272269,False,OSM-1916074457
AI_DET_pa_m_4007651_nw_18_060_20220704_66,40.24524840192544,-76.73125674409762,0.081160731613636,/workspace/data/imagery/naip_tiles/pa_m_4007651_nw_18_060_20220704.tif,3201.2293395996094,1270.8202514648438,"[3185.640823364258, 1251.5154418945312, 3216.817840576172, 1290.1250610351562]",ai_detection,-0.081081081081081,2025-10-21,0.081160731613636,,,False,[],POINT (-76.73125674409762 40.24524840192544),3246.497964927373,False,OSM-1916074457
AI_DET_pa_m_4007651_nw_18_060_20220704_67,40.230307837608684,-76.75198587075889,0.0819451957941055,/workspace/data/imagery/naip_tiles/pa_m_4007651_nw_18_060_20220704.tif,207.91238403320312,3977.182312011719,"[194.7292938232422, 3959.1298828125, 221.09548950195312, 3995.2347717285156]",ai_detection,0.0306406685236768,2025-10-21,0.0819451957941055,,,False,[],POINT (-76.75198587075889 40.230307837608684),1730.6943074921867,False,OSM-9691031402
AI_DET_pa_m_4007651_nw_18_060_20220704_68,40.229483098743216,-76.74098590897103,0.0904203131794929,/workspace/data/imagery/naip_tiles/pa_m_4007651_nw_18_060_20220704.tif,1764.6908721923828,4160.48046875,"[1750.2193298339844, 4141.799743652344, 1779.1624145507812, 4179.161193847656]",ai_detection,-0.0191387559808612,2025-10-21,0.0904203131794929,,,False,[],POINT (-76.74098590897103 40.229483098743216),2635.481275617721,False,OSM-9691031402
AI_DET_pa_m_4007651_nw_18_060_20220704_69,40.22942675099789,-76.74096892127822,0.0823569521307945,/workspace/data/imagery/naip_tiles/pa_m_4007651_nw_18_060_20220704.tif,1766.8950805664062,4170.952392578125,"[1752.3718872070312, 4152.0264892578125, 1781.4182739257812, 4189.878356933594]",ai_detection,-0.0172839506172839,2025-10-21,0.0823569521307945,,,False,[],POINT (-76.74096892127822 40.22942675099789),2638.828509924756,False,OSM-9691031402
AI_DET_pa_m_4007651_nw_18_060_20220704_70,40.22000878086837,-76.68626697695319,0.1183948442339897,/workspace/data/imagery/naip_tiles/pa_m_4007651_nw_18_060_20220704.tif,9490.480438232422,6063.193542480469,"[9475.404266357422, 6041.688568115234, 9505.556610107422, 6084.698516845703]",ai_detection,0.5491803278688525,2025-10-21,0.1183948442339897,,,False,[],POINT (-76.68626697695319 40.22000878086837),7374.221273694336,False,OSM-1916074457
AI_DET_pa_m_4007651_sw_18_060_20220704_71,40.187396105417015,-76.73476011572656,0.1086814403533935,/workspace/data/imagery/naip_tiles/pa_m_4007651_sw_18_060_20220704.tif,2725.2681427001958,394.0701904296875,"[2708.894012451172, 373.85919189453125, 2741.6422729492188, 414.2811584472656]",ai_detection,0.1125827814569536,2025-10-21,0.1086814403533935,,,False,[],POINT (-76.73476011572656 40.187396105417015),3228.0950693367886,False,OSM-11424003837
AI_DET_pa_m_4007651_sw_18_060_20220704_72,40.1874705274457,-76.73483797417823,0.0811364874243736,/workspace/data/imagery/naip_tiles/pa_m_4007651_sw_18_060_20220704.tif,2714.4900970458984,380.0859069824219,"[2697.6024780273438, 358.7325439453125, 2731.377716064453, 401.43927001953125]",ai_detection,0.2185430463576159,2025-10-21,0.0811364874243736,,,False,[],POINT (-76.73483797417823 40.1874705274457),3218.64271741908,False,OSM-11424003837
AI_DET_pa_m_4007651_sw_18_060_20220704_73,40.16998509617164,-76.75065688969642,0.0829083994030952,/workspace/data/imagery/naip_tiles/pa_m_4007651_sw_18_060_20220704.tif,406.1949157714844,3570.8938903808594,"[390.2044677734375, 3550.4286499023438, 422.18536376953125, 3591.359130859375]",ai_detection,0.2844574780058651,2025-10-21,0.0829083994030952,,,False,[],POINT (-76.75065688969642 40.16998509617164),3633.291251600139,False,OSM-11424003837
AI_DET_pa_m_4007651_sw_18_060_20220704_74,40.16912704241362,-76.70209130650775,0.086050197482109,/workspace/data/imagery/naip_tiles/pa_m_4007651_sw_18_060_20220704.tif,7295.760101318359,3863.643157958984,"[7278.083465576172, 3841.7067260742188, 7313.436737060547, 3885.57958984375]",ai_detection,0.1492957746478873,2025-10-21,0.086050197482109,,,False,[],POINT (-76.70209130650775 40.16912704241362),6636.793252156455,False,OSM-11424003837
AI_DET_pa_m_4007651_sw_18_060_20220704_75,40.16875354231336,-76.69081562675602,0.0987633764743805,/workspace/data/imagery/naip_tiles/pa_m_4007651_sw_18_060_20220704.tif,8894.746688842773,3963.314849853516,"[8881.5029296875, 3945.097686767578, 8907.990447998047, 3981.532012939453]",ai_detection,0.2870662460567823,2025-10-21,0.0987633764743805,,,False,[],POINT (-76.69081562675602 40.16875354231336),7499.029445110146,False,OSM-11424003837
AI_DET_pa_m_4007651_sw_18_060_20220704_76,40.16511800912467,-76.74356360588689,0.0884051918983459,/workspace/data/imagery/naip_tiles/pa_m_4007651_sw_18_060_20220704.tif,1395.2222290039062,4491.13037109375,"[1377.5851440429688, 4468.754180908203, 1412.8593139648438, 4513.506530761719]",ai_detection,0.436241610738255,2025-10-21,0.0884051918983459,,,False,[],POINT (-76.74356360588689 40.16511800912467),4393.875356783502,False,OSM-11424003837
AI_DET_pa_m_4007651_sw_18_060_20220704_77,40.15810737887391,-76.7134681578547,0.2073885947465896,/workspace/data/imagery/naip_tiles/pa_m_4007651_sw_18_060_20220704.tif,5641.7630405426025,5871.260559082031,"[5632.231995582581, 5850.31428527832, 5651.29408454895, 5892.206848144531]",ai_detection,0.3793103448275862,2025-10-21,0.2073885947465896,,,False,[],POINT (-76.7134681578547 40.15810737887391),6605.617221244576,False,OSM-11424003837
AI_DET_pa_m_4007651_sw_18_060_20220704_78,40.15817292740452,-76.71347401891911,0.1056483909487724,/workspace/data/imagery/naip_tiles/pa_m_4007651_sw_18_060_20220704.tif,5641.165019989014,5859.11784362793,"[5632.04669547081, 5837.014343261719, 5650.283344268799, 5881.221343994141]",ai_detection,0.3231707317073171,2025-10-21,0.1056483909487724,,,False,[],POINT (-76.71347401891911 40.15817292740452),6600.2038339966575,False,OSM-11424003837
AI_DET_pa_m_4007651_sw_18_060_20220704_79,40.15873153438693,-76.7085993451665,0.0805035457015037,/workspace/data/imagery/naip_tiles/pa_m_4007651_sw_18_060_20220704.tif,6335.103973388672,5769.1041259765625,"[6318.936950683594, 5748.93489074707, 6351.27099609375, 5789.273376464844]",ai_detection,0.4324324324324324,2025-10-21,0.0805035457015037,,,False,[],POINT (-76.7085993451665 40.15873153438693),6864.0887345345045,False,OSM-11424003837
AI_DET_pa_m_4007651_sw_18_060_20220704_80,40.15442896439197,-76.72252728833705,0.1823922395706176,/workspace/data/imagery/naip_tiles/pa_m_4007651_sw_18_060_20220704.tif,4342.636779785156,6526.9044189453125,"[4326.801834106445, 6506.4033203125, 4358.471740722656, 6547.405517578125]",ai_detection,-0.1476793248945147,2025-10-21,0.1823922395706176,,,False,[],POINT (-76.72252728833705 40.15442896439197),6388.397762521997,False,OSM-11424003837
AI_DET_pa_m_4007651_sw_18_060_20220704_81,40.156208533591766,-76.70423293866521,0.1158170774579048,/workspace/data/imagery/naip_tiles/pa_m_4007651_sw_18_060_20220704.tif,6945.945892333984,6247.7740478515625,"[6925.748779296875, 6224.083465576172, 6966.143005371094, 6271.464637756348]",ai_detection,0.4117647058823529,2025-10-21,0.1158170774579048,,,False,[],POINT (-76.70423293866521 40.156208533591766),7328.5424149995215,False,OSM-11424003837
AI_DET_pa_m_4007651_sw_18_060_20220704_82,40.1528571465705,-76.70526860715785,0.0868989303708076,/workspace/data/imagery/naip_tiles/pa_m_4007651_sw_18_060_20220704.tif,6787.027374267578,6864.967742919922,"[6769.705917358398, 6844.710479736328, 6804.348831176758, 6885.225006103516]",ai_detection,-0.0628571428571428,2025-10-21,0.0868989303708076,,,False,[],POINT (-76.70526860715785 40.1528571465705),7513.266767315881,False,OSM-11424003837
